Claimant Name,Veteran Name,Confirmation #,Time Submitted,RPO
,CHARLETTE  GILBERT,V-EBC-1389,2019-07-19 07:00:04 UTC,central
,Joe Test,V-EBC-1390,2019-07-19 07:00:05 UTC,eastern
,RENNISON  ABRAHAM,V-EBC-1391,2019-07-19 07:00:05 UTC,western
,ALLYSSA SIMMERMACHER,V-EBC-1392,2019-07-19 07:00:05 UTC,western
,GLEN  DAKER,V-EBC-1393,2019-07-19 07:00:05 UTC,eastern
,ESAI VALENCIA,V-EBC-1394,2019-07-19 07:00:05 UTC,eastern
,Mark Webb,V-EBC-1395,2019-07-19 07:00:05 UTC,eastern
,Mark Webb,V-EBC-1396,2019-07-19 07:00:05 UTC,eastern
,Mark Webb,V-EBC-1397,2019-07-19 07:00:05 UTC,eastern
,Mark Webb,V-EBC-1398,2019-07-19 07:00:05 UTC,eastern
,Mark Webb,V-EBC-1399,2019-07-19 07:00:05 UTC,eastern
,Mark Webb,V-EBC-1400,2019-07-19 07:00:05 UTC,eastern
,REINHARD HAY ,V-EBC-1401,2019-07-19 07:00:05 UTC,eastern
,SIRJOHN LAGROSA,V-EBC-1402,2019-07-19 07:00:05 UTC,eastern
,Kelly Kapoor,V-EBC-1403,2019-07-19 07:00:05 UTC,eastern
,Dexter Lyft,V-EBC-1404,2019-07-19 07:00:05 UTC,eastern
,LOLITTA  LAPRIEL,V-EBC-1405,2019-07-19 07:00:05 UTC,eastern
,Brian Stephens,V-EBC-1406,2019-07-19 07:00:05 UTC,eastern
,Brian Stephens,V-EBC-1407,2019-07-19 07:00:05 UTC,eastern
,Dylan Atom,V-EBC-1408,2019-07-19 07:00:05 UTC,eastern
,Elijah Edge,V-EBC-1409,2019-07-19 07:00:05 UTC,western
,Ezra Uso,V-EBC-1410,2019-07-19 07:00:05 UTC,western
,TOM  LAO ,V-EBC-1411,2019-07-19 07:00:05 UTC,eastern
,Andy Bernard,V-EBC-1412,2019-07-19 07:00:05 UTC,eastern
,Toby Flenderson,V-EBC-1413,2019-07-19 07:00:05 UTC,eastern
,Felix  Hut,V-EBC-1414,2019-07-19 07:00:05 UTC,eastern
,MARY  REYNOLDS,V-EBC-1415,2019-07-19 07:00:05 UTC,eastern
,Kurt Cobain,V-EBC-1416,2019-07-19 07:00:05 UTC,western
,Finley Post,V-EBC-1417,2019-07-19 07:00:04 UTC,central
,Andrew Clay,V-EBC-1418,2019-07-19 07:00:05 UTC,eastern
,Harrison Mates,V-EBC-1419,2019-07-19 07:00:05 UTC,western
,Greg Anderson,V-EBC-1420,2019-07-19 07:00:05 UTC,eastern
,Hugo Resy,V-EBC-1421,2019-07-19 07:00:04 UTC,central
,Lou Albano,V-EBC-1422,2019-07-19 07:00:05 UTC,eastern
,Hunter Ritual,V-EBC-1423,2019-07-19 07:00:05 UTC,eastern
,Jayden Open,V-EBC-1424,2019-07-19 07:00:05 UTC,eastern
,Theo Huxtable,V-EBC-1425,2019-07-19 07:00:05 UTC,eastern
